START MODEL,/vol/project/2019/545/g1954503/oen19/LandmarkDetection/FetalUS/001/output/FetalUS001/
START CHECKPOINT,/vol/project/2019/545/g1954503/oen19/LandmarkDetection/FetalUS/001/output/FetalUS001/model-725000
ifind110-41,31.139217884352057,3.640054944640259
ifind113-46,28.346610600467613,5.172039983025263
ifind122-113,32.26524944496202,1.499999990065893
ifind129-160,19.926394159318516,3.0
ifind52-98,28.784893582410085,4.582575642928642
ifind62-72,36.36421842786137,2.8722813232690143
ifind65-61,65.9162087434957,3.0413812651491097
ifind70-23,20.120068573026064,9.669539802906858
ifind78-106,28.409690629168594,4.031128741074443
ifind81-1,33.491298350781676,4.06201920231798
ifind84-1,25.671492973175326,11.40175425099138
ifind87-40,26.372111401465116,2.5495097509516764
ifind92-55,52.14100001792924,3.391164991562634
iFIND114_IM_0001,15.998599478474446,3.937003842383439
iFIND00135_IM_0169,34.952670739431134,7.762087348130012
iFIND139_IM_0080,27.95113390462171,1.6583123951777
iFIND00144_IM_0062,28.18448919583882,2.29128784747792
iFIND00148_IM_0001,56.759475413982614,3.9051248036111605
iFIND68_IM_0072,15.35200020313916,21.083168642308014
iFIND95_IM_0001,47.6027628464484,9.313968005098578
ifind100-8,21.475024037249426,6.576473218982953
START CHECKPOINT,/vol/project/2019/545/g1954503/oen19/LandmarkDetection/FetalUS/001/output/FetalUS001/model-300000
ifind110-41,40.18342381692894,4.301162633521313
ifind113-46,27.946876426197868,2.1794494102362427
ifind122-113,39.04085273236744,1.5811387452652934
ifind129-160,22.128595501803414,5.220153254455275
ifind52-98,29.217004714553266,2.738612765761292
ifind62-72,33.10469858712437,2.7386127875258306
ifind65-61,29.57666533679254,3.2015621187164243
ifind70-23,22.171609280615158,8.0156097709407
ifind78-106,20.48212109273515,5.0990194083878935
ifind81-1,36.3011354599211,4.272001872658765
ifind84-1,21.5548690114016,11.672617529928752
ifind87-40,35.91899403846921,4.031128637571793
ifind92-55,32.42315946441466,6.103277807866851
iFIND114_IM_0001,56.48385487932635,3.937003842383439
iFIND00135_IM_0169,17.120004404337116,7.88986691902975
iFIND139_IM_0080,25.428958158999826,4.55521678957215
iFIND00144_IM_0062,19.294625889367822,3.0413812651491097
iFIND00148_IM_0001,60.234572368760915,6.284902523649759
iFIND68_IM_0072,-3.776729055990219,11.412712210513327
iFIND95_IM_0001,34.96970420974023,11.704699910719626
ifind100-8,28.59802897334829,6.819090848492928
START CHECKPOINT,/vol/project/2019/545/g1954503/oen19/LandmarkDetection/FetalUS/001/output/FetalUS001/model-800000
ifind110-41,49.77211903142952,4.769696007084728
ifind113-46,33.82143135303201,4.183300004436261
ifind122-113,38.04262855298803,1.8708286217019203
ifind129-160,29.83308350607454,2.7386127875258306
ifind52-98,42.14014557761004,2.8284270404524943
ifind62-72,17.260615070720462,3.24037034920393
ifind65-61,59.46897236489351,2.7386127875258306
ifind70-23,70.7971537401077,8.077747210701755
ifind78-106,29.27769241716016,4.716990310146074
ifind81-1,24.20998544758304,3.5355339059327378
ifind84-1,26.41238639986104,10.781929326423912
ifind87-40,40.40703595358825,3.5707141099424304
ifind92-55,35.01360783410247,7.22841614740048
iFIND114_IM_0001,25.923378636001036,4.847679746756836
iFIND00135_IM_0169,38.90446841896744,5.408326913195984
iFIND139_IM_0080,32.081800224861546,1.5
iFIND00144_IM_0062,8.579922237976236,2.692582403567252
iFIND00148_IM_0001,63.281785385079175,9.912113794786192
iFIND68_IM_0072,34.46367264340903,5.744562646538029
iFIND95_IM_0001,41.34636898060041,8.645808232895291
ifind100-8,36.815954820898554,6.123724356957945
START CHECKPOINT,/vol/project/2019/545/g1954503/oen19/LandmarkDetection/FetalUS/001/output/FetalUS001/model-450000
ifind110-41,59.92533100795932,4.716990566028302
ifind113-46,28.479160025550705,7.017834251819571
ifind122-113,30.606669572373363,1.2247448592248422
ifind129-160,37.89646229811489,3.5355339059327378
ifind52-98,40.31058411164028,2.692582315020816
ifind62-72,28.294856383900804,3.1622776601683795
ifind65-61,41.61818102292709,4.55521678957215
ifind70-23,1.435825328247641,12.658988901172163
ifind78-106,18.51760137415127,8.631337751885804
ifind81-1,36.465226781454014,4.5
ifind84-1,33.78128005452048,10.793516572461451
ifind87-40,11.013102845851837,9.340770616414135
ifind92-55,24.602909829729512,3.9370039370059056
iFIND114_IM_0001,22.633830859310113,3.5707141099424304
iFIND00135_IM_0169,52.54076742056107,2.0615528128088303
iFIND139_IM_0080,27.549028178806363,3.0413812651491097
iFIND00144_IM_0062,24.857751747765327,2.7386127875258306
iFIND00148_IM_0001,65.78923664684336,2.9154759474226504
iFIND68_IM_0072,11.04191278002124,10.36822067666386
iFIND95_IM_0001,32.375182378666295,15.46770829825802
ifind100-8,30.00913983443123,7.44983221287567
START CHECKPOINT,/vol/project/2019/545/g1954503/oen19/LandmarkDetection/FetalUS/001/output/FetalUS001/model-350000
ifind110-41,25.516889698689514,3.5355339059327378
ifind113-46,20.554855462244262,7.681145553872017
ifind122-113,29.58126688616461,2.0615526971588323
ifind129-160,21.41268917321451,4.031128874149275
ifind52-98,14.338765862787122,2.738612765761292
ifind62-72,31.658650988208016,3.391164991562634
ifind65-61,49.64508241762547,2.0615528128088303
ifind70-23,53.398822995382105,8.440971508067067
ifind78-106,13.293611270713937,5.12347538007139
ifind81-1,24.892739965132797,3.640054944640259
ifind84-1,51.958845294647666,10.319883720275147
ifind87-40,30.315120882828136,9.069178409303008
ifind92-55,23.014383819774697,13.285330255586423
iFIND114_IM_0001,47.56460196147529,3.840572839014918
iFIND00135_IM_0169,35.200484143293835,4.55521678957215
iFIND139_IM_0080,9.696919741437561,4.527692569068709
iFIND00144_IM_0062,21.538365020949247,2.9154759474226504
iFIND00148_IM_0001,35.62978415154071,10.885770506636765
iFIND68_IM_0072,38.90852616942355,6.363961030678928
iFIND95_IM_0001,21.15962403783992,14.044571905188139
ifind100-8,44.13880450880244,7.399324293474371
START CHECKPOINT,/vol/project/2019/545/g1954503/oen19/LandmarkDetection/FetalUS/001/output/FetalUS001/model-775000
ifind110-41,28.609709146155282,2.9154759474226504
ifind113-46,20.191819822902755,6.964193830477846
ifind122-113,57.48141677310713,1.5811387452652934
ifind129-160,21.78696584159171,4.123105625617661
ifind52-98,28.52520109461942,3.1622776601683795
ifind62-72,35.3260076147063,3.391164991562634
ifind65-61,31.2315424349599,4.387482193696061
ifind70-23,15.57489110823244,9.526279441628825
ifind78-106,24.219202821224314,6.800735114136664
ifind81-1,13.909311456756337,5.545268253204709
ifind84-1,48.51249718687061,10.452272480183437
ifind87-40,37.711822427763835,2.5980760679668258
ifind92-55,43.21656990394122,4.716990566028302
iFIND114_IM_0001,32.93720806303112,3.2015620442469728
iFIND00135_IM_0169,37.295421678480054,2.5
iFIND139_IM_0080,24.246438154676483,3.24037034920393
iFIND00144_IM_0062,39.25359936737732,2.598076211353316
iFIND00148_IM_0001,52.28611269059708,12.509996002005662
iFIND68_IM_0072,9.266483767345935,12.257650672131263
iFIND95_IM_0001,24.324410502242458,8.902246907382429
ifind100-8,46.260250742794156,7.399324293474371
START CHECKPOINT,/vol/project/2019/545/g1954503/oen19/LandmarkDetection/FetalUS/001/output/FetalUS001/model-400000
ifind110-41,9.442042667485085,3.5355339059327378
ifind113-46,23.70715673531498,2.8284270404524943
ifind122-113,28.450993850841908,2.5495096106784856
ifind129-160,35.39016655618822,4.06201920231798
ifind52-98,26.271863568115485,2.6925823814306433
ifind62-72,41.81291010501733,3.5355339059327378
ifind65-61,49.663293050012456,3.0413812651491097
ifind70-23,30.987974732681437,9.772410142846033
ifind78-106,34.89996723049812,3.2015619511601563
ifind81-1,8.633067970341877,3.5355339059327378
ifind84-1,4.242148841822387,10.8397416943394
ifind87-40,33.33087228499156,5.315072726939061
ifind92-55,48.42842181447013,12.658988901172163
iFIND114_IM_0001,52.807626355404594,4.27200174708724
iFIND00135_IM_0169,6.905700858818571,7.968688725254614
iFIND139_IM_0080,31.008433453975258,4.527692569068709
iFIND00144_IM_0062,26.576468793643738,2.5495097567963922
iFIND00148_IM_0001,31.261734789961196,10.173494961505565
iFIND68_IM_0072,54.22095707199461,10.712142642814275
iFIND95_IM_0001,21.968970619776165,6.422616289332565
ifind100-8,26.079561318533646,5.431390245600108
START CHECKPOINT,/vol/project/2019/545/g1954503/oen19/LandmarkDetection/FetalUS/001/output/FetalUS001/model-1125000
ifind110-41,38.48819971641099,3.0413812651491097
ifind113-46,27.003560114909966,7.228415980421434
ifind122-113,55.08983692517147,1.658312386191962
ifind129-160,62.048822100592304,4.06201920231798
ifind52-98,27.841093310621474,2.121320336535168
ifind62-72,40.776105823346924,2.5
ifind65-61,18.67581693824671,2.7386127875258306
ifind70-23,40.939148925417406,9.669539802906858
ifind78-106,15.769553851337605,4.743416411716555
ifind81-1,19.40323892369507,5.937171043518958
ifind84-1,37.590444742026406,10.920164833920778
ifind87-40,24.1171912401622,4.330126850299682
ifind92-55,20.09834546120982,6.5
iFIND114_IM_0001,24.580902240563276,4.6368091320558396
iFIND00135_IM_0169,34.68993640801108,8.558621384311845
iFIND139_IM_0080,29.970071231216114,3.5355339059327378
iFIND00144_IM_0062,10.910402653746152,2.692582403567252
iFIND00148_IM_0001,37.613182443326544,2.5980762056178563
iFIND68_IM_0072,22.06866025484483,4.636809247747852
iFIND95_IM_0001,32.91598213370483,8.860022573334675
ifind100-8,43.88671311869052,5.916079783099616
START CHECKPOINT,/vol/project/2019/545/g1954503/oen19/LandmarkDetection/FetalUS/001/output/FetalUS001/model-850000
ifind110-41,36.06396732366595,4.272001872658765
ifind113-46,25.123059256528975,8.170067273587284
ifind122-113,21.193906826192926,1.4999999602635707
ifind129-160,17.55590427077363,5.0990195135927845
ifind52-98,18.42601193229042,3.5
ifind62-72,34.48929051393685,2.8284271247461903
ifind65-61,27.47161698557708,2.9154759474226504
ifind70-23,24.273255482041918,8.73212459828649
ifind78-106,32.465349141191794,4.716990411235351
ifind81-1,39.816423221878345,6.103277807866851
ifind84-1,19.26460273831735,11.07925990308017
ifind87-40,10.896700696534626,3.6742345127852087
ifind92-55,59.19314895282169,7.314369419163897
iFIND114_IM_0001,28.87678104549974,2.5495097041939467
iFIND00135_IM_0169,32.494470795303336,3.082207001484488
iFIND139_IM_0080,42.85119598150978,2.598076211353316
iFIND00144_IM_0062,25.188192537080013,2.449489742783178
iFIND00148_IM_0001,13.849945513550711,4.555216707791405
iFIND68_IM_0072,33.19170840938796,8.440971508067067
iFIND95_IM_0001,3.1154222372698204,8.200609733428363
ifind100-8,15.033397883464882,11.84271928232701
START CHECKPOINT,/vol/project/2019/545/g1954503/oen19/LandmarkDetection/FetalUS/001/output/FetalUS001/model-100000
ifind110-41,40.55497466082314,2.7386127875258306
ifind113-46,15.197231015569246,10.356157220253355
ifind122-113,14.874820017728592,4.272001841265884
ifind129-160,41.4128953842511,3.570714214271425
ifind52-98,43.696654971126804,2.8722811935710544
ifind62-72,10.50158486572691,6.726812023536855
ifind65-61,50.157096343278305,0.5
ifind70-23,48.79014426534061,13.573871960498227
ifind78-106,31.72872768260999,5.244044010686023
ifind81-1,14.77432910157723,6.123724356957945
ifind84-1,46.94966632819913,10.594810050208546
ifind87-40,40.16278094134326,4.330126932890301
ifind92-55,22.7578076214129,7.794228634059948
iFIND114_IM_0001,51.35118474397177,0.4999999701976776
iFIND00135_IM_0169,47.190308292970855,5.678908345800274
iFIND139_IM_0080,24.733187909739,5.722761571129799
iFIND00144_IM_0062,46.13520261049688,2.598076211353316
iFIND00148_IM_0001,23.839582394109264,16.44688418890225
iFIND68_IM_0072,20.903235908035693,4.58257569495584
iFIND95_IM_0001,43.91105192958105,14.378803844548406
ifind100-8,48.75984842351499,5.5
START CHECKPOINT,/vol/project/2019/545/g1954503/oen19/LandmarkDetection/FetalUS/001/output/FetalUS001/model-525000
ifind110-41,33.85046552283845,4.5
ifind113-46,19.11842930015505,12.308533039143065
ifind122-113,38.84897784890631,1.499999990065893
ifind129-160,25.072202874310122,3.6742346141747673
ifind52-98,6.273281037180718,3.937003751545869
ifind62-72,52.23806004797801,2.598076211353316
ifind65-61,27.83446293266155,4.031128874149275
ifind70-23,21.772705315344506,8.874119674649425
ifind78-106,44.47288437390395,4.9749371585758855
ifind81-1,7.474177021002799,4.06201920231798
ifind84-1,17.56348368667529,12.062338081814818
ifind87-40,46.03610796843042,3.2015621140620834
ifind92-55,41.106453299020494,3.640054944640259
iFIND114_IM_0001,43.0075370313861,2.915475819646248
iFIND00135_IM_0169,44.91824393962431,1.5
iFIND139_IM_0080,48.260663745983194,3.6742346141747673
iFIND00144_IM_0062,27.62082073368623,2.5
iFIND00148_IM_0001,67.70839351652208,3.1622776601683795
iFIND68_IM_0072,7.746813236297277,5.873670062235365
iFIND95_IM_0001,30.160309164534894,8.336666000266533
ifind100-8,17.1733455608222,8.602325267042627
START CHECKPOINT,/vol/project/2019/545/g1954503/oen19/LandmarkDetection/FetalUS/001/output/FetalUS001/model-975000
ifind110-41,42.98331631860244,3.840572873934304
ifind113-46,28.09155230145626,7.106335201775948
ifind122-113,27.919892932737746,1.8027756377319946
ifind129-160,42.16684352629708,2.5495097567963922
ifind52-98,37.81588000313215,3.937003751545869
ifind62-72,45.85113229790438,1.8708286933869707
ifind65-61,46.31005435890836,4.153311931459037
ifind70-23,19.926167563745842,10.606601717798213
ifind78-106,29.37147668085174,5.12347538007139
ifind81-1,16.40083572245505,4.123105625617661
ifind84-1,18.847503289488237,10.246950765959598
ifind87-40,23.39533572410228,8.514692971206836
ifind92-55,17.645395218992675,6.34428877022476
iFIND114_IM_0001,59.39892963548516,4.330126932890301
iFIND00135_IM_0169,11.243352108910557,7.697402159170326
iFIND139_IM_0080,26.970960101919353,2.598076211353316
iFIND00144_IM_0062,50.168859097477416,2.7386127875258306
iFIND00148_IM_0001,48.51395896670209,8.874119672970254
iFIND68_IM_0072,11.578580724921585,17.613914953808536
iFIND95_IM_0001,15.5405525854033,13.793114224133722
ifind100-8,9.162604163903756,10.988630487917955
START CHECKPOINT,/vol/project/2019/545/g1954503/oen19/LandmarkDetection/FetalUS/001/output/FetalUS001/model-1000000
ifind110-41,31.0103184457908,4.5
ifind113-46,11.994095869702525,6.782329974337043
ifind122-113,23.187565785279393,1.2247448592248422
ifind129-160,24.37659722248693,2.5495097567963922
ifind52-98,31.18507235748362,2.0615528128088303
ifind62-72,34.61997313314683,1.8027756377319946
ifind65-61,43.34506989976083,4.031128874149275
ifind70-23,36.8102254591704,10.816653826391969
ifind78-106,35.108604374552826,4.031128815004906
ifind81-1,34.11185513827864,6.06217782649107
ifind84-1,21.69867671651962,11.554220008291344
ifind87-40,18.279704372455832,7.4498319708513625
ifind92-55,45.044913351817755,6.06217782649107
iFIND114_IM_0001,49.23708754984807,2.5495097509516764
iFIND00135_IM_0169,20.993570763124804,3.3541019662496847
iFIND139_IM_0080,54.25282511059599,3.774917217635375
iFIND00144_IM_0062,47.81426739058104,2.29128784747792
iFIND00148_IM_0001,29.473591002450767,9.539392007921192
iFIND68_IM_0072,46.27280108824588,3.640054944640259
iFIND95_IM_0001,17.46469319687292,9.354143466934854
ifind100-8,30.762740290951754,11.937336386313323
START CHECKPOINT,/vol/project/2019/545/g1954503/oen19/LandmarkDetection/FetalUS/001/output/FetalUS001/model-25000
ifind110-41,56.89334846204039,3.640054944640259
ifind113-46,34.60467563811152,8.031188977599712
ifind122-113,45.08895812109893,12.389511422751006
ifind129-160,36.63314789042484,11.113055385446435
ifind52-98,42.03039809977885,2.23606797749979
ifind62-72,20.44743874043402,0.8660254037844386
ifind65-61,20.747732696576648,10.062305898749054
ifind70-23,28.366002493364626,8.616843969807043
ifind78-106,32.87244020888273,10.074720720000727
ifind81-1,21.13768143355486,7.582875444051551
ifind84-1,53.17097096906586,14.265342617687105
ifind87-40,23.94488048768083,8.261355640557296
ifind92-55,8.833139259120124,30.602287496198713
iFIND114_IM_0001,14.863353189260618,7.842193477572856
iFIND00135_IM_0169,35.99053039181065,3.5
iFIND139_IM_0080,26.547936358756736,9.937303457175895
iFIND00144_IM_0062,38.96538508177279,3.082207001484488
iFIND00148_IM_0001,-4.845383073066008,23.054283766150657
iFIND68_IM_0072,37.63623743745643,12.24744871391589
iFIND95_IM_0001,19.53691433476563,15.337861650177967
ifind100-8,39.95478944876881,11.968709203585824
START CHECKPOINT,/vol/project/2019/545/g1954503/oen19/LandmarkDetection/FetalUS/001/output/FetalUS001/model-275000
ifind110-41,19.43320313299988,4.716990566028302
ifind113-46,26.529068923514423,7.810249401169319
ifind122-113,27.09993566405199,1.6583123143060556
ifind129-160,54.71464357173834,4.153311931459037
ifind52-98,42.913243280673086,0.9999999403953552
ifind62-72,43.71979903934749,2.23606797749979
ifind65-61,60.94783978922412,2.5495097567963922
ifind70-23,58.30288841407321,9.643650760992955
ifind78-106,38.21452611863864,4.9749371585758855
ifind81-1,32.41173257615637,6.34428877022476
ifind84-1,31.79288397846136,10.653637876331258
ifind87-40,40.8593984712505,5.722761443541592
ifind92-55,30.146199123798098,6.59545297913646
iFIND114_IM_0001,54.083655259743544,2.872281240262321
iFIND00135_IM_0169,15.498756806921394,4.55521678957215
iFIND139_IM_0080,56.399405436394744,1.224744871391589
iFIND00144_IM_0062,48.18253363558611,2.598076211353316
iFIND00148_IM_0001,32.82458073996949,2.5980762056178563
iFIND68_IM_0072,31.98684714150211,4.5
iFIND95_IM_0001,38.214618104576644,14.239030865898142
ifind100-8,22.41853459275159,6.576473218982953
START CHECKPOINT,/vol/project/2019/545/g1954503/oen19/LandmarkDetection/FetalUS/001/output/FetalUS001/model-650000
ifind110-41,37.024928681952325,6.96419413859206
ifind113-46,54.76426640001682,4.6368091320558396
ifind122-113,29.869146344801983,1.0
ifind129-160,48.25295548813128,4.387482193696061
ifind52-98,39.790312586303045,2.5495097567963922
ifind62-72,28.32216192205123,2.23606797749979
ifind65-61,17.58082982071952,4.031128874149275
ifind70-23,34.66268479636819,8.616843969807043
ifind78-106,32.019788412257725,1.8708286615269485
ifind81-1,36.2129743557382,4.301162633521313
ifind84-1,33.84005937568442,10.920164833920778
ifind87-40,12.61971379731025,2.3452078227268274
ifind92-55,15.647246021270075,8.760707733967616
iFIND114_IM_0001,45.885774435994506,5.385164707519764
iFIND00135_IM_0169,46.027120728607564,8.958236433584458
iFIND139_IM_0080,30.64409789585371,3.840572873934304
iFIND00144_IM_0062,32.95847417390558,2.5495097567963922
iFIND00148_IM_0001,38.2571271208421,6.422616287012457
iFIND68_IM_0072,50.106700476360935,3.774917217635375
iFIND95_IM_0001,39.70206840490835,9.643650760992955
ifind100-8,9.973774110626039,6.726812023536855START MODEL,/vol/project/2019/545/g1954503/oen19/LandmarkDetection/FetalUS/001/output/FetalUS001/
START CHECKPOINT,/vol/project/2019/545/g1954503/oen19/LandmarkDetection/FetalUS/001/output/FetalUS001/model-725000
ifind110-41,33.526203207537066,3.640054944640259
ifind113-46,18.649917109892982,8.746427840564266
ifind122-113,59.35483358488196,1.499999990065893
ifind129-160,37.17643298033619,4.031128874149275
ifind52-98,10.43398303161439,1.581138820659868
ifind62-72,44.53422906425236,2.5495097567963922
ifind65-61,42.98003356401416,1.8027756377319946
ifind70-23,38.342840189210264,9.192388155425117
ifind78-106,26.693068888685914,4.847679706796463
ifind81-1,38.31522511883077,4.301162633521313
ifind84-1,16.548161797564404,11.291589790636214
ifind87-40,37.51750567212637,8.902246704844744
ifind92-55,39.55044574327946,3.24037034920393
iFIND114_IM_0001,47.079229252954846,3.354101895166999
iFIND00135_IM_0169,66.18863433128043,8.276472678623424
iFIND139_IM_0080,32.65203785059504,2.692582403567252
iFIND00144_IM_0062,47.70348307197828,1.8708286933869707
iFIND00148_IM_0001,67.46808287069209,10.828203912477715
iFIND68_IM_0072,11.252083664600525,21.083168642308014
iFIND95_IM_0001,37.083137232585955,8.52936105461599
ifind100-8,36.80562144803438,12.529964086141668
START CHECKPOINT,/vol/project/2019/545/g1954503/oen19/LandmarkDetection/FetalUS/001/output/FetalUS001/model-300000
ifind110-41,48.1355355467863,2.958039891549808
ifind113-46,22.111985179619666,5.147815024178982
ifind122-113,49.606024364386506,1.4999999105930328
ifind129-160,36.04431255440706,5.315072906367325
ifind52-98,31.779500706960786,2.738612765761292
ifind62-72,12.829054568801027,2.7386127875258306
ifind65-61,23.547725341068386,3.2015621187164243
ifind70-23,34.55323619450162,8.381527307120106
ifind78-106,31.030162596348575,5.0990194083878935
ifind81-1,32.81092581967397,3.0413812651491097
ifind84-1,6.778898362433636,11.146748404803978
ifind87-40,35.33610448356203,2.915475819646248
ifind92-55,20.361319549023868,4.743416490252569
iFIND114_IM_0001,39.714360236238846,4.27200174708724
iFIND00135_IM_0169,16.19245795960878,7.88986691902975
iFIND139_IM_0080,51.786028767956395,4.55521678957215
iFIND00144_IM_0062,23.796302255570897,3.5
iFIND00148_IM_0001,38.90776384327656,5.244044215276899
iFIND68_IM_0072,10.174303028573982,11.412712210513327
iFIND95_IM_0001,44.003757390732225,12.134661099511597
ifind100-8,45.449762317101,6.819090848492928
START CHECKPOINT,/vol/project/2019/545/g1954503/oen19/LandmarkDetection/FetalUS/001/output/FetalUS001/model-800000
ifind110-41,49.31537876981575,4.636809247747852
ifind113-46,40.538220426465344,3.201562076827358
ifind122-113,20.338474819954513,2.3452078227268274
ifind129-160,31.483760411166273,2.7386127875258306
ifind52-98,27.93475775844103,3.5355339017180527
ifind62-72,25.990981483658558,3.5355339059327378
ifind65-61,16.220893595628837,2.7386127875258306
ifind70-23,36.09626060185324,8.602325267042627
ifind78-106,16.66294710639169,5.61248607750591
ifind81-1,26.732410243088047,7.280109889280518
ifind84-1,-1.274771543496417,10.965856099730654
ifind87-40,61.5317574091075,2.6925822652134443
ifind92-55,46.941237013101535,5.196152422706632
iFIND114_IM_0001,30.74818259433041,2.291287743423522
iFIND00135_IM_0169,20.255770013802316,8.2915619758885
iFIND139_IM_0080,51.39777557101684,1.5
iFIND00144_IM_0062,33.60318634755405,2.7386127875258306
iFIND00148_IM_0001,42.77191440831067,7.088723405745414
iFIND68_IM_0072,37.88561330627588,7.035623639735144
iFIND95_IM_0001,59.026014888325165,7.88986691902975
ifind100-8,33.339093364813635,7.0
START CHECKPOINT,/vol/project/2019/545/g1954503/oen19/LandmarkDetection/FetalUS/001/output/FetalUS001/model-450000
ifind110-41,56.79449390556819,4.716990566028302
ifind113-46,27.400002464740012,8.015609585038922
ifind122-113,57.64490028856918,1.2247448592248422
ifind129-160,19.60399137263871,4.031128874149275
ifind52-98,58.30894978777275,1.4999999602635707
ifind62-72,29.646197106624626,2.7386127875258306
ifind65-61,42.01653242868167,4.55521678957215
ifind70-23,43.806932365758996,12.658988901172163
ifind78-106,6.724818174504014,5.787918441096998
ifind81-1,36.23499919997876,4.527692569068709
ifind84-1,27.8643327628159,10.793516572461451
ifind87-40,32.90355815082799,4.60977211227588
ifind92-55,42.13741926818747,7.035623639735144
iFIND114_IM_0001,59.88357336321408,3.5707141099424304
iFIND00135_IM_0169,38.624784757221974,2.0615528128088303
iFIND139_IM_0080,19.8771332081404,3.0413812651491097
iFIND00144_IM_0062,15.78968038695166,2.23606797749979
iFIND00148_IM_0001,42.049989518500304,3.7749171544767517
iFIND68_IM_0072,41.919845854205334,9.937303457175895
iFIND95_IM_0001,46.571069117418475,15.913830462839549
ifind100-8,15.496621696824,8.0156097709407
START CHECKPOINT,/vol/project/2019/545/g1954503/oen19/LandmarkDetection/FetalUS/001/output/FetalUS001/model-350000
ifind110-41,60.62065150737724,3.570714214271425
ifind113-46,19.302278765769152,7.017834251819571
ifind122-113,48.25500269515676,2.0615526971588323
ifind129-160,22.00530575377449,4.527692569068709
ifind52-98,35.129297378401134,2.738612765761292
ifind62-72,23.723258637405536,2.7386127875258306
ifind65-61,63.4613392766625,2.5
ifind70-23,14.56015915206791,5.385164807134504
ifind78-106,17.409899658355464,0.8660253865780602
ifind81-1,33.25945398825307,3.082207001484488
ifind84-1,37.611509117081766,10.111874208078342
ifind87-40,25.37664912444907,9.069178409303008
ifind92-55,31.87438617229879,7.826237921249264
iFIND114_IM_0001,27.771599350289122,3.605551209338574
iFIND00135_IM_0169,26.422953383360948,3.082207001484488
iFIND139_IM_0080,29.079449814046185,4.527692569068709
iFIND00144_IM_0062,15.500484536304299,3.0413812651491097
iFIND00148_IM_0001,25.04529094838007,10.885770506636765
iFIND68_IM_0072,19.67306373750501,6.363961030678928
iFIND95_IM_0001,19.397817331740008,10.688779163215974
ifind100-8,47.77861091858591,7.399324293474371
START CHECKPOINT,/vol/project/2019/545/g1954503/oen19/LandmarkDetection/FetalUS/001/output/FetalUS001/model-775000
ifind110-41,10.638513806495219,3.3541019662496847
ifind113-46,20.213677144798687,5.54526812153265
ifind122-113,25.29310087782804,1.4999999602635707
ifind129-160,33.099070808548895,4.123105625617661
ifind52-98,44.139878414361135,3.1622776601683795
ifind62-72,54.05914522739593,2.0615528128088303
ifind65-61,22.65365151905492,2.29128784747792
ifind70-23,36.969389073695204,8.381527307120106
ifind78-106,39.23953365307901,6.184658146892122
ifind81-1,33.955332153402395,5.612486080160912
ifind84-1,20.25411998787468,10.712142642814275
ifind87-40,42.3044644756004,5.338538947376091
ifind92-55,44.15577868894999,5.787918451395113
iFIND114_IM_0001,46.194286131797156,4.6368091320558396
iFIND00135_IM_0169,56.49459991996441,3.9370039370059056
iFIND139_IM_0080,32.23207911625428,3.24037034920393
iFIND00144_IM_0062,43.17082351711868,2.0615528128088303
iFIND00148_IM_0001,13.28772981551291,12.509996002005662
iFIND68_IM_0072,20.604211203534348,9.669539802906858
iFIND95_IM_0001,58.940928467713874,9.40744386111339
ifind100-8,43.074437354129095,12.90348790056394
START CHECKPOINT,/vol/project/2019/545/g1954503/oen19/LandmarkDetection/FetalUS/001/output/FetalUS001/model-400000
ifind110-41,60.35858050087221,3.5355339059327378
ifind113-46,19.179394442333123,2.8284270404524943
ifind122-113,22.267144400451464,2.5495096106784856
ifind129-160,35.26496042717388,5.024937810560445
ifind52-98,34.984281286872076,2.7386126514974625
ifind62-72,31.706170555020194,3.5355339059327378
ifind65-61,48.30964376215991,3.0413812651491097
ifind70-23,36.098333536820434,8.200609733428363
ifind78-106,35.64639630527953,6.519202018913639
ifind81-1,40.363160990972425,3.082207001484488
ifind84-1,26.395347134984288,10.8397416943394
ifind87-40,45.583288834882104,4.330126932890301
ifind92-55,36.36460583864317,3.9370039370059056
iFIND114_IM_0001,54.32786065125182,5.0990194083878935
iFIND00135_IM_0169,44.05069823999465,5.612486080160912
iFIND139_IM_0080,13.916472867168919,4.5
iFIND00144_IM_0062,35.13528074743156,2.692582403567252
iFIND00148_IM_0001,54.05099125005141,2.1794494649332155
iFIND68_IM_0072,38.30380850910245,4.8218253804964775
iFIND95_IM_0001,17.38869851278455,8.902246907382429
ifind100-8,32.94185277718228,9.669539802906858
START CHECKPOINT,/vol/project/2019/545/g1954503/oen19/LandmarkDetection/FetalUS/001/output/FetalUS001/model-1125000
ifind110-41,34.674476349346065,4.743416490252569
ifind113-46,21.239707016103633,6.726812023536855
ifind122-113,16.44309083345372,1.5811388300841898
ifind129-160,26.80821483490241,2.5495097567963922
ifind52-98,41.067219611393874,2.121320336535168
ifind62-72,18.771283065443043,2.23606797749979
ifind65-61,42.82105851427836,4.242640687119285
ifind70-23,15.629179709639583,9.669539802906858
ifind78-106,30.194726655378936,4.743416411716555
ifind81-1,28.957566678939884,4.301162633521313
ifind84-1,36.9169088465595,10.920164833920778
ifind87-40,48.477513558342686,4.743416289200372
ifind92-55,37.81955998706928,6.5
iFIND114_IM_0001,38.32548233814006,3.937003842383439
iFIND00135_IM_0169,52.47312163391048,5.522680508593631
iFIND139_IM_0080,24.03296901449568,1.7320508075688772
iFIND00144_IM_0062,17.385126212203023,3.5
iFIND00148_IM_0001,53.02818568615439,8.306623834215852
iFIND68_IM_0072,31.13482904884197,4.527692569068709
iFIND95_IM_0001,39.94357915835376,8.860022573334675
ifind100-8,25.05347465345472,6.123724356957945
START CHECKPOINT,/vol/project/2019/545/g1954503/oen19/LandmarkDetection/FetalUS/001/output/FetalUS001/model-850000
ifind110-41,36.738750746626756,4.847679857416329
ifind113-46,25.92733254737795,6.3442885799758475
ifind122-113,29.37665622019317,1.4999999602635707
ifind129-160,37.509980864150094,4.031128874149275
ifind52-98,45.14082159180778,3.5
ifind62-72,29.507712179991803,2.7386127875258306
ifind65-61,13.020683436608259,3.840572873934304
ifind70-23,26.252679253689898,7.176350047203662
ifind78-106,34.33786809360269,7.035623281800104
ifind81-1,25.13882640337664,6.103277807866851
ifind84-1,15.486367042708014,11.07925990308017
ifind87-40,34.08561348734958,8.916277047844526
ifind92-55,45.77879861880818,6.5
iFIND114_IM_0001,47.193648537531644,2.5495097041939467
iFIND00135_IM_0169,39.36096553157553,2.8722813232690143
iFIND139_IM_0080,23.102118340439475,2.598076211353316
iFIND00144_IM_0062,22.270653832848705,2.449489742783178
iFIND00148_IM_0001,47.129830197771824,5.024937807595003
iFIND68_IM_0072,13.64321689203403,4.69041575982343
iFIND95_IM_0001,47.84580011501165,9.233092656309694
ifind100-8,22.61139641026914,6.5383484153110105
START CHECKPOINT,/vol/project/2019/545/g1954503/oen19/LandmarkDetection/FetalUS/001/output/FetalUS001/model-100000
ifind110-41,34.43805760244251,2.7386127875258306
ifind113-46,42.765144605195616,9.721110862135001
ifind122-113,22.102506382955028,3.6742346101191847
ifind129-160,34.71628413435444,4.242640687119285
ifind52-98,47.588828585920254,2.0615526971588323
ifind62-72,20.0143240555111,4.769696007084728
ifind65-61,15.859851399283261,0.5
ifind70-23,31.86812466467523,13.573871960498227
ifind78-106,20.111002167221848,3.9051247005846594
ifind81-1,39.3331579897925,6.123724356957945
ifind84-1,23.056787268620226,10.747092630102339
ifind87-40,30.39647125925342,4.330126932890301
ifind92-55,34.36067595805287,7.794228634059948
iFIND114_IM_0001,22.785465329108085,0.4999999701976776
iFIND00135_IM_0169,34.01907112204458,5.678908345800274
iFIND139_IM_0080,25.115581037450152,4.743416490252569
iFIND00144_IM_0062,31.041600923140216,2.598076211353316
iFIND00148_IM_0001,41.784984530535695,16.44688418890225
iFIND68_IM_0072,39.66501212280007,6.224949798994366
iFIND95_IM_0001,43.19511571181421,12.439855304624729
ifind100-8,15.30076975106183,5.5
START CHECKPOINT,/vol/project/2019/545/g1954503/oen19/LandmarkDetection/FetalUS/001/output/FetalUS001/model-525000
ifind110-41,36.47584215174672,4.5
ifind113-46,31.084017791279805,8.170067098495526
ifind122-113,40.54644116682048,1.499999990065893
ifind129-160,7.539569721784491,3.6742346141747673
ifind52-98,51.60532286696167,1.802775563340902
ifind62-72,23.60514013923099,3.9370039370059056
ifind65-61,11.208741103292823,4.031128874149275
ifind70-23,19.30197215106144,14.45683229480096
ifind78-106,26.870028993749322,4.9749371585758855
ifind81-1,25.206668797348133,5.0990195135927845
ifind84-1,24.50535221232812,11.412712210513327
ifind87-40,34.81233744925205,9.23309242391008
ifind92-55,27.672093697348984,3.0
iFIND114_IM_0001,57.011512120352315,3.5707141099424304
iFIND00135_IM_0169,45.00669154947749,1.6583123951777
iFIND139_IM_0080,38.03744367449194,4.031128874149275
iFIND00144_IM_0062,25.981260180531248,2.23606797749979
iFIND00148_IM_0001,30.781797400820352,3.1622776601683795
iFIND68_IM_0072,46.18339137524626,4.358898943540674
iFIND95_IM_0001,43.99342691357451,8.958236433584458
ifind100-8,24.140517021827073,11.346805717910216
START CHECKPOINT,/vol/project/2019/545/g1954503/oen19/LandmarkDetection/FetalUS/001/output/FetalUS001/model-975000
ifind110-41,28.922161268578687,3.840572873934304
ifind113-46,22.33868517487449,10.931605553174597
ifind122-113,21.39983386754332,1.8027756377319946
ifind129-160,32.80480198482324,2.23606797749979
ifind52-98,54.22322643049398,1.2247448592248422
ifind62-72,23.72868646084191,2.5495097567963922
ifind65-61,24.031817168174463,4.153311931459037
ifind70-23,17.163179278321103,10.920164833920778
ifind78-106,35.36957336003373,3.807886517712825
ifind81-1,41.02378295340726,3.3166247903554
ifind84-1,40.963677569762936,10.246950765959598
ifind87-40,12.991119919243769,8.514692971206836
ifind92-55,25.64115820476052,6.34428877022476
iFIND114_IM_0001,56.41068755950245,4.330126932890301
iFIND00135_IM_0169,42.146755191522345,3.3541019662496847
iFIND139_IM_0080,43.39407564030013,3.082207001484488
iFIND00144_IM_0062,26.590615857093344,2.7386127875258306
iFIND00148_IM_0001,64.11181243766326,9.499999998431457
iFIND68_IM_0072,38.81632924699663,2.958039891549808
iFIND95_IM_0001,14.455457746485465,7.0
ifind100-8,3.5939888415591765,7.211102550927978
START CHECKPOINT,/vol/project/2019/545/g1954503/oen19/LandmarkDetection/FetalUS/001/output/FetalUS001/model-1000000
ifind110-41,24.228645126768733,3.1622776601683795
ifind113-46,22.868584543970996,7.826237799393232
ifind122-113,56.076144478769514,1.499999990065893
ifind129-160,57.29948721380961,2.958039891549808
ifind52-98,19.411275926072854,1.581138820659868
ifind62-72,18.362424781494102,1.8027756377319946
ifind65-61,36.66827044418038,4.031128874149275
ifind70-23,27.415568607122744,9.669539802906858
ifind78-106,32.56131924567771,5.61248607750591
ifind81-1,46.46044212933648,5.123475382979799
ifind84-1,-1.4174897671181732,12.539936203984453
ifind87-40,26.454220586105457,2.4999999046325696
ifind92-55,23.68591659630315,6.06217782649107
iFIND114_IM_0001,20.974320803795884,3.2403702756263604
iFIND00135_IM_0169,36.45840950933828,6.670832032063167
iFIND139_IM_0080,35.49948748739503,3.774917217635375
iFIND00144_IM_0062,6.176452818279669,3.082207001484488
iFIND00148_IM_0001,13.533992755219854,9.539392007921192
iFIND68_IM_0072,41.5015585855044,6.103277807866851
iFIND95_IM_0001,12.555702178444424,16.186414056238647
ifind100-8,39.6511715058078,10.307764064044152
START CHECKPOINT,/vol/project/2019/545/g1954503/oen19/LandmarkDetection/FetalUS/001/output/FetalUS001/model-25000
ifind110-41,14.104626599828919,3.3166247903554
ifind113-46,29.559446082066575,8.031188977599712
ifind122-113,20.12766915780297,7.499999713897708
ifind129-160,14.478422150594625,11.113055385446435
ifind52-98,38.88146475319853,1.7320507731561203
ifind62-72,41.703754607494005,0.7071067811865476
ifind65-61,40.57611824734775,10.062305898749054
ifind70-23,18.6022421013499,8.616843969807043
ifind78-106,31.871848428095618,10.074720720000727
ifind81-1,33.19278567937241,10.88577052853862
ifind84-1,29.58081970667142,17.95828499606797
ifind87-40,23.913442463378075,8.261355640557296
ifind92-55,39.1733430623095,6.892024376045111
iFIND114_IM_0001,56.34712739028523,7.842193477572856
iFIND00135_IM_0169,41.20199243668942,3.082207001484488
iFIND139_IM_0080,16.95283233327195,9.937303457175895
iFIND00144_IM_0062,1.0897891673192321,3.640054944640259
iFIND00148_IM_0001,7.008397153238945,22.7321358426831
iFIND68_IM_0072,27.32346746185298,12.24744871391589
iFIND95_IM_0001,7.794537005996272,17.867568385205637
ifind100-8,41.579680609357325,11.968709203585824
START CHECKPOINT,/vol/project/2019/545/g1954503/oen19/LandmarkDetection/FetalUS/001/output/FetalUS001/model-275000
ifind110-41,48.397124204859914,4.716990566028302
ifind113-46,24.424876153707064,6.7268118441065345
ifind122-113,64.16525802630709,1.1180339754218913
ifind129-160,36.263918194453865,4.153311931459037
ifind52-98,34.163479348580125,2.5980760679668258
ifind62-72,8.597238648007584,2.5495097567963922
ifind65-61,33.38651517804115,2.5495097567963922
ifind70-23,51.113510163156214,8.73212459828649
ifind78-106,25.37864072032091,4.9749371585758855
ifind81-1,40.457082214756966,6.34428877022476
ifind84-1,62.4659486478001,10.653637876331258
ifind87-40,29.283445554577305,5.722761443541592
ifind92-55,26.563997841208117,4.330127018922194
iFIND114_IM_0001,66.94855308372047,2.872281240262321
iFIND00135_IM_0169,54.96938438201003,8.831760866327848
iFIND139_IM_0080,15.21343691920356,1.224744871391589
iFIND00144_IM_0062,22.76283036180399,2.1213203435596424
iFIND00148_IM_0001,50.18971819609792,3.0
iFIND68_IM_0072,14.838864142925466,7.365459931328117
iFIND95_IM_0001,11.413435140476675,12.05197079319395
ifind100-8,41.342850722241934,7.632168761236874
START CHECKPOINT,/vol/project/2019/545/g1954503/oen19/LandmarkDetection/FetalUS/001/output/FetalUS001/model-650000
ifind110-41,37.69990373848435,4.636809247747852
ifind113-46,49.11636591232596,4.6368091320558396
ifind122-113,45.35036577245263,1.0
ifind129-160,42.545189115148446,4.153311931459037
ifind52-98,28.909411132601782,2.5495097567963922
ifind62-72,52.58928875586862,2.0
ifind65-61,29.7963847959015,4.031128874149275
ifind70-23,13.275877187978107,10.319883720275147
ifind78-106,46.45032341320616,1.8708286615269485
ifind81-1,43.879968387961966,7.44983221287567
ifind84-1,48.68268744682163,10.920164833920778
ifind87-40,31.84892763334304,2.3452078227268274
ifind92-55,16.654958744044926,8.760707733967616
iFIND114_IM_0001,25.823707933958445,4.092676353167827
iFIND00135_IM_0169,45.94782381418443,4.6097722286464435
iFIND139_IM_0080,34.2668849733839,2.29128784747792
iFIND00144_IM_0062,33.344625421621586,2.5495097567963922
iFIND00148_IM_0001,63.67763947036573,5.338539123224412
iFIND68_IM_0072,50.62309228848603,3.774917217635375
iFIND95_IM_0001,20.501108491001457,13.124404748406688
ifind100-8,32.27493774324446,7.968688725254614
START CHECKPOINT,/vol/project/2019/545/g1954503/oen19/LandmarkDetection/FetalUS/001/output/FetalUS001/model-75000
ifind110-41,19.2473253481731,3.840572873934304
ifind113-46,28.58267331520501,7.106334948052976
ifind122-113,50.659358106169954,3.9051247425584195
ifind129-160,23.143737382486805,3.3541019662496847
ifind52-98,35.67529357753039,2.499999850988388
ifind62-72,33.582461425139236,2.5495097567963922
ifind65-61,35.99190626568896,1.6583123951777
ifind70-23,30.239093654565323,13.647344063956181
ifind78-106,20.23924212516395,6.6708316545546005
ifind81-1,24.479071688554516,6.98212002188447
ifind84-1,5.216549079915202,15.921683328090658
ifind87-40,51.59241007853318,4.153311874054591
ifind92-55,28.990022406665283,4.387482193696061
iFIND114_IM_0001,57.916634787630876,2.5495097567963922
iFIND00135_IM_0169,19.4314752331174,8.2915619758885
iFIND139_IM_0080,13.533662948766132,1.4142135623730951
iFIND00144_IM_0062,17.85692510397915,2.958039891549808
iFIND00148_IM_0001,36.91585774595244,7.921489756996324
iFIND68_IM_0072,28.97326594618307,4.153311931459037
iFIND95_IM_0001,35.94675352982583,13.322912594474229
ifind100-8,20.567706297612833,7.123903424387503
START CHECKPOINT,/vol/project/2019/545/g1954503/oen19/LandmarkDetection/FetalUS/001/output/FetalUS001/model-1050000
ifind110-41,44.31557770952169,3.5355339059327378
ifind113-46,39.27807818190756,8.154753213322747
ifind122-113,23.518941203490183,1.4999999602635707
ifind129-160,59.472720585100085,3.2015621187164243
ifind52-98,37.24474010453488,4.527692539448665
ifind62-72,12.454401061694147,2.449489742783178
ifind65-61,2.8929882525540096,4.153311931459037
ifind70-23,58.104725471455275,8.306623862918075
ifind78-106,34.1575111456564,2.4999999463558207
ifind81-1,39.31742866776382,5.522680508593631
ifind84-1,15.841031776678577,11.5
ifind87-40,31.309016680660463,14.611638865782572
ifind92-55,22.19531895583223,3.5355339059327378
iFIND114_IM_0001,35.829109044016555,4.847679706796463
iFIND00135_IM_0169,53.96207537270868,7.648529270389178
iFIND139_IM_0080,54.610820520964396,2.958039891549808
iFIND00144_IM_0062,9.951299775471403,2.29128784747792
iFIND00148_IM_0001,42.843902836477966,2.6925823814306433
iFIND68_IM_0072,42.547899071117506,4.55521678957215
iFIND95_IM_0001,20.794064026405543,8.916277250063503
ifind100-8,41.88225199429357,6.87386354243376
START CHECKPOINT,/vol/project/2019/545/g1954503/oen19/LandmarkDetection/FetalUS/001/output/FetalUS001/model-925000
ifind110-41,28.730686386159807,3.640054944640259
ifind113-46,37.94815767001144,6.2249497774503455
ifind122-113,32.574227809666645,1.224744822724601
ifind129-160,36.68772567991181,2.958039891549808
ifind52-98,56.8130652567204,2.0615528055807055
ifind62-72,20.63749368234017,2.5495097567963922
ifind65-61,36.919416547681024,4.636809247747852
ifind70-23,31.682241023384464,9.974968671630002
ifind78-106,17.624769488932046,5.244044238009217
ifind81-1,40.689575205827275,5.123475382979799
ifind84-1,35.129861755437034,11.357816691600547
ifind87-40,34.17889910556502,7.4498319708513625
ifind92-55,50.55407292223977,7.22841614740048
iFIND114_IM_0001,62.963941994506264,1.5811388300841898
iFIND00135_IM_0169,23.4388473169015,7.952986860293433
iFIND139_IM_0080,46.236729178019786,3.774917217635375
iFIND00144_IM_0062,39.40143617289998,2.8722813232690143
iFIND00148_IM_0001,57.75989256485979,2.738612782084696
iFIND68_IM_0072,25.926065436975463,3.3541019662496847
iFIND95_IM_0001,17.22612086132128,6.123724356957945
ifind100-8,15.13661812769054,6.264982043070834
START CHECKPOINT,/vol/project/2019/545/g1954503/oen19/LandmarkDetection/FetalUS/001/output/FetalUS001/model-575000
ifind110-41,27.363927278673096,5.678908345800274
ifind113-46,14.104683386761181,5.408326736861543
ifind122-113,24.37226128754373,1.5
ifind129-160,54.21107834410578,3.6742346141747673
ifind52-98,22.64724107167644,1.658312386191962
ifind62-72,12.266632411551877,2.5
ifind65-61,15.020869407836868,2.0615528128088303
ifind70-23,50.98863326303836,9.069178573608527
ifind78-106,32.25901466529956,3.7416573708439302
ifind81-1,46.15253018241974,4.06201920231798
ifind84-1,17.74660595353898,10.111874208078342
ifind87-40,52.52835887373351,3.316624772383924
ifind92-55,63.44633558939317,4.6097722286464435
iFIND114_IM_0001,42.97340698272023,2.0615528055807055
iFIND00135_IM_0169,33.38275331524427,4.636809247747852
iFIND139_IM_0080,45.90859915315424,2.23606797749979
iFIND00144_IM_0062,29.33442938104978,2.5495097567963922
iFIND00148_IM_0001,20.8665019029004,3.082206996649913
iFIND68_IM_0072,23.35920033254645,4.743416490252569
iFIND95_IM_0001,16.96452094333153,10.04987562112089
ifind100-8,38.719085137398,15.732132722552274
START CHECKPOINT,/vol/project/2019/545/g1954503/oen19/LandmarkDetection/FetalUS/001/output/FetalUS001/model-150000
ifind110-41,41.02347313247094,3.905124837953327
ifind113-46,26.009372463666807,4.847679829751456
ifind122-113,25.228888980372133,0.7071067601131236
ifind129-160,26.43293116122113,5.70087712549569
ifind52-98,36.97556795161433,0.7071067601131236
ifind62-72,57.195957833599564,3.391164991562634
ifind65-61,41.065366100547976,3.082207001484488
ifind70-23,30.77962598716694,7.762087348130012
ifind78-106,35.82937376312733,2.5980760679668258
ifind81-1,26.251343908595125,5.315072906367325
ifind84-1,51.01564582286204,10.700467279516348
ifind87-40,21.92194157949761,1.4999999602635707
ifind92-55,28.308810074290953,5.123475382979799
iFIND114_IM_0001,56.015066815677706,3.3911649520156204
iFIND00135_IM_0169,22.117378805952914,3.640054944640259
iFIND139_IM_0080,22.561140054971506,4.636809247747852
iFIND00144_IM_0062,11.20821744023391,2.1213203435596424
iFIND00148_IM_0001,15.494963734763012,3.9370039029418176
iFIND68_IM_0072,42.6282245651428,5.338539126015656
iFIND95_IM_0001,28.37000775519435,6.422616289332565
ifind100-8,47.30616752872236,5.852349955359813
START CHECKPOINT,/vol/project/2019/545/g1954503/oen19/LandmarkDetection/FetalUS/001/output/FetalUS001/model-600000
ifind110-41,41.334823460233935,4.06201920231798
ifind113-46,22.176324595411977,8.916277243378579
ifind122-113,52.35064397662768,0.7071067811865476
ifind129-160,16.030977011611352,5.545268253204709
ifind52-98,21.81662392916482,4.153311927871259
ifind62-72,40.42751219141428,3.640054944640259
ifind65-61,43.19025231514343,3.3166247903554
ifind70-23,30.036574484856985,8.093207028119323
ifind78-106,26.9963907405598,5.147815044441584
ifind81-1,37.32290953219059,4.55521678957215
ifind84-1,23.489463542892214,9.394147114027968
ifind87-40,27.074213733613814,8.902246704844744
ifind92-55,23.23438882429336,7.088723439378913
iFIND114_IM_0001,26.93822886256858,4.415880348802712
iFIND00135_IM_0169,33.1495067952692,1.118033988749895
iFIND139_IM_0080,26.00891668636309,1.118033988749895
iFIND00144_IM_0062,39.323682039114644,1.224744871391589
iFIND00148_IM_0001,53.625447249647735,4.062019198649568
iFIND68_IM_0072,47.888067236099495,2.9154759474226504
iFIND95_IM_0001,42.08624355133087,7.44983221287567
ifind100-8,17.020464034225924,8.803408430829505
START CHECKPOINT,/vol/project/2019/545/g1954503/oen19/LandmarkDetection/FetalUS/001/output/FetalUS001/model-225000
ifind110-41,46.761794721404364,3.24037034920393
ifind113-46,13.682320322474316,3.2015619511601563
ifind122-113,38.083758415818394,3.2403702342389766
ifind129-160,56.726464930430296,4.769696007084728
ifind52-98,30.552028929741006,1.224744822724601
ifind62-72,31.8032275158609,4.06201920231798
ifind65-61,22.274317993294737,3.0413812651491097
ifind70-23,51.0202078833933,8.645808232895291
ifind78-106,29.337007264993108,3.6400548791416396
ifind81-1,36.59220338037017,5.787918451395113
ifind84-1,19.58938393664198,14.221462653327892
ifind87-40,45.56128448545815,6.041522828943993
ifind92-55,41.505287305172445,5.244044240850758
iFIND114_IM_0001,10.168621904461215,4.949747393043605
iFIND00135_IM_0169,41.78302260181394,7.697402159170326
iFIND139_IM_0080,44.183606341047266,4.123105625617661
iFIND00144_IM_0062,30.615166175204024,1.8708286933869707
iFIND00148_IM_0001,35.729515403332975,9.721111046078924
iFIND68_IM_0072,39.742990788950635,5.220153254455275
iFIND95_IM_0001,21.081687270985327,12.459935794377111
ifind100-8,42.29997633346326,6.726812023536855
START CHECKPOINT,/vol/project/2019/545/g1954503/oen19/LandmarkDetection/FetalUS/001/output/FetalUS001/model-825000
ifind110-41,61.96267262821554,4.527692569068709
ifind113-46,17.051204891523234,7.228416015466419
ifind122-113,52.488119312427344,1.4142135202262471
ifind129-160,26.30014555859353,3.0413812651491097
ifind52-98,33.57618465740482,4.999999892711641
ifind62-72,38.86628760308864,2.7386127875258306
ifind65-61,37.33070873912081,2.0
ifind70-23,28.235762925302065,14.611639196202457
ifind78-106,39.2239906318569,5.722761568525957
ifind81-1,8.642348945717728,6.800735254367722
ifind84-1,20.22602381087559,10.037429949942366
ifind87-40,18.812542887737116,8.077747092639843
ifind92-55,34.135067506694256,4.123105625617661
iFIND114_IM_0001,31.966956424671352,2.5980762056178563
iFIND00135_IM_0169,25.520382246838167,9.354143466934854
iFIND139_IM_0080,24.051837406753535,4.153311931459037
iFIND00144_IM_0062,21.823943467598113,2.958039891549808
iFIND00148_IM_0001,32.657141663115866,5.244044238009217
iFIND68_IM_0072,19.845146492629823,10.88577052853862
iFIND95_IM_0001,28.144944601218228,8.514693182963201
ifind100-8,30.829071585823574,7.0
START CHECKPOINT,/vol/project/2019/545/g1954503/oen19/LandmarkDetection/FetalUS/001/output/FetalUS001/model-475000
ifind110-41,19.468871125850725,3.6742346141747673
ifind113-46,21.560627593200902,3.4999999616827293
ifind122-113,31.191417777037685,2.23606787087576
ifind129-160,35.95083744131858,4.123105625617661
ifind52-98,36.03945316686683,1.8708286217019203
ifind62-72,27.766336269157897,3.2015621187164243
ifind65-61,42.17387896733067,4.123105625617661
ifind70-23,25.91398458338599,11.5
ifind78-106,38.43005692261258,1.658312386191962
ifind81-1,38.504517479404946,7.615773105863909
ifind84-1,43.09378620418961,13.19090595827292
ifind87-40,12.975425287478274,2.915475819646248
ifind92-55,56.33440546382478,5.024937810560445
iFIND114_IM_0001,16.812636595809924,4.555216629281888
iFIND00135_IM_0169,30.573333396873476,1.118033988749895
iFIND139_IM_0080,10.08634528440949,4.031128874149275
iFIND00144_IM_0062,29.442139343342475,2.598076211353316
iFIND00148_IM_0001,21.987447368204236,2.0615528055807055
iFIND68_IM_0072,2.8439890045413754,11.0
iFIND95_IM_0001,51.487873483161124,4.5
ifind100-8,22.637848877350308,13.874436925511608
START CHECKPOINT,/vol/project/2019/545/g1954503/oen19/LandmarkDetection/FetalUS/001/output/FetalUS001/model-325000
ifind110-41,35.224271442497326,3.8078865529319543
ifind113-46,21.189778722727226,4.183300004436261
ifind122-113,23.300867747022007,1.4142135202262471
ifind129-160,26.92148691900589,4.55521678957215
ifind52-98,5.810645580630664,3.0413812651491097
ifind62-72,33.20536412873112,3.905124837953327
ifind65-61,35.28798353979861,3.082207001484488
ifind70-23,30.992587034563822,6.18465843842649
ifind78-106,11.426330925149143,1.5
ifind81-1,20.325496847836952,6.5383484153110105
ifind84-1,33.05961334243455,10.805091392487155
ifind87-40,54.78067598936612,3.6400549282656045
ifind92-55,41.107805721040044,3.840572873934304
iFIND114_IM_0001,40.222735961839334,4.330126932890301
iFIND00135_IM_0169,27.962796231330373,6.041522986797286
iFIND139_IM_0080,24.541122188332103,4.031128874149275
iFIND00144_IM_0062,43.1074477276901,2.692582403567252
iFIND00148_IM_0001,32.14297049065284,4.1833000436189085
iFIND68_IM_0072,39.207942295334234,7.22841614740048
iFIND95_IM_0001,21.124126220219743,8.381527307120106
ifind100-8,31.360489425541985,6.87386354243376
START CHECKPOINT,/vol/project/2019/545/g1954503/oen19/LandmarkDetection/FetalUS/001/output/FetalUS001/model-700000
ifind110-41,40.13998518179005,3.3541019662496847
ifind113-46,21.422347079617346,4.716990566028302
ifind122-113,22.744247255711393,1.8708286217019203
ifind129-160,40.14536449355942,4.123105625617661
ifind52-98,25.847345051861872,2.0
ifind62-72,23.48856534180019,1.118033988749895
ifind65-61,47.45280688462055,1.5
ifind70-23,27.761648096432516,8.760707733967616
ifind78-106,20.95931988327987,3.774917201845719
ifind81-1,30.50991150156557,5.873670062235365
ifind84-1,24.88609223556133,11.280514172678478
ifind87-40,34.39934117382304,4.499999947018095
ifind92-55,28.687457276296556,17.327723451163457
iFIND114_IM_0001,9.432236203023017,1.11803393543788
iFIND00135_IM_0169,56.49210642685366,6.800735254367722
iFIND139_IM_0080,33.490398979719764,2.5495097567963922
iFIND00144_IM_0062,34.9656028743014,2.29128784747792
iFIND00148_IM_0001,25.423009411434556,4.031128874149275
iFIND68_IM_0072,10.297319819858359,15.524174696260024
iFIND95_IM_0001,36.63369167038557,10.319883720275147
ifind100-8,20.92173855016594,6.726812023536855
START CHECKPOINT,/vol/project/2019/545/g1954503/oen19/LandmarkDetection/FetalUS/001/output/FetalUS001/model-425000
ifind110-41,13.56535464757719,3.24037034920393
ifind113-46,24.428271534391826,8.616843968077736
ifind122-113,61.993683053299584,1.9999998807907104
ifind129-160,12.547300524933004,6.164414002968976
ifind52-98,32.37359628132469,1.8708286217019203
ifind62-72,29.949794168040977,3.640054944640259
ifind65-61,13.05129770479989,5.244044240850758
ifind70-23,24.80154512604345,8.958236433584458
ifind78-106,38.09419180807255,5.049752466230169
ifind81-1,25.95784841198575,4.924428900898052
ifind84-1,6.8624492664517796,10.594810050208546
ifind87-40,37.758506739737435,4.949747320791865
ifind92-55,49.58137482165415,4.06201920231798
iFIND114_IM_0001,35.24454583085309,3.741657323053897
iFIND00135_IM_0169,62.038893453671164,8.336666000266533
iFIND139_IM_0080,12.7849945850469,4.527692569068709
iFIND00144_IM_0062,37.83521397556779,2.0615528128088303
iFIND00148_IM_0001,58.29116016337794,6.041522984330828
iFIND68_IM_0072,59.40016083944282,3.905124837953327
iFIND95_IM_0001,51.27754924819159,7.3484692283495345
ifind100-8,27.70138046185809,6.34428877022476
START CHECKPOINT,/vol/project/2019/545/g1954503/oen19/LandmarkDetection/FetalUS/001/output/FetalUS001/model-875000
ifind110-41,35.378339887919076,4.636809247747852
ifind113-46,20.889598456771132,6.873863325653765
ifind122-113,29.399233083923612,2.121320231168047
ifind129-160,22.43979520623189,4.06201920231798
ifind52-98,33.96959530072406,2.2912878409745203
ifind62-72,28.65665313475646,1.5
ifind65-61,25.248125415478903,5.123475382979799
ifind70-23,48.64596101742573,10.35615758860399
ifind78-106,37.911882453916604,6.576472944817693
ifind81-1,27.729677341213204,4.6097722286464435
ifind84-1,29.104827358458223,11.067971810589327
ifind87-40,39.07868944746211,1.8027756377319946
ifind92-55,40.51040411193333,7.632168761236874
iFIND114_IM_0001,22.63627931215662,5.408326736861543
iFIND00135_IM_0169,57.94644190742,2.449489742783178
iFIND139_IM_0080,43.45999348921125,2.449489742783178
iFIND00144_IM_0062,35.56060148314408,2.692582403567252
iFIND00148_IM_0001,13.226318108490744,4.153311927871259
iFIND68_IM_0072,33.225778771320904,10.307764064044152
iFIND95_IM_0001,50.414746493796144,6.34428877022476
ifind100-8,26.741474962734387,6.689544080129826
START CHECKPOINT,/vol/project/2019/545/g1954503/oen19/LandmarkDetection/FetalUS/001/output/FetalUS001/model-1100000
ifind110-41,20.382682015974996,4.06201920231798
ifind113-46,27.40668886808899,5.54526812153265
ifind122-113,7.416977141853966,1.499999990065893
ifind129-160,48.94412708185912,2.23606797749979
ifind52-98,19.066490044946676,4.031128874149275
ifind62-72,20.299179568348777,2.8722813232690143
ifind65-61,35.138795379659776,4.301162633521313
ifind70-23,47.877327825015605,7.632168761236874
ifind78-106,12.15490268787079,4.527692569068709
ifind81-1,24.861134335750833,3.570714214271425
ifind84-1,36.337210983485754,11.412712210513327
ifind87-40,18.193270571928615,8.215838056060237
ifind92-55,20.928020365319153,6.164414002968976
iFIND114_IM_0001,51.105175792321845,1.5811387452652934
iFIND00135_IM_0169,11.896142547885363,9.027735042633894
iFIND139_IM_0080,56.35616208010309,4.272001872658765
iFIND00144_IM_0062,28.762360190392194,1.5
iFIND00148_IM_0001,47.43519889680084,6.184658399876493
iFIND68_IM_0072,12.61779877993035,4.5
iFIND95_IM_0001,32.117698335029594,6.422616289332565
ifind100-8,31.74874264377833,8.789197915623474
START CHECKPOINT,/vol/project/2019/545/g1954503/oen19/LandmarkDetection/FetalUS/001/output/FetalUS001/model-750000
ifind110-41,51.14408912722634,3.8078865529319543
ifind113-46,18.7940616123578,5.873670059698423
ifind122-113,40.82119796642416,2.5495097041939467
ifind129-160,35.06634053571537,5.612486080160912
ifind52-98,30.82542762843053,3.041381260249638
ifind62-72,52.28419728741444,3.6742346141747673
ifind65-61,17.492265746159802,1.8708286933869707
ifind70-23,41.04866437558371,8.336666000266533
ifind78-106,36.562995274216874,4.27200174708724
ifind81-1,14.742229846144108,4.55521678957215
ifind84-1,63.06856094509894,10.931605554537724
ifind87-40,24.284134676372783,2.7386126514974625
ifind92-55,45.95937678559744,3.6742346141747673
iFIND114_IM_0001,20.370532100313522,3.9051247005846594
iFIND00135_IM_0169,51.58590836832776,4.636809247747852
iFIND139_IM_0080,13.722399285911877,4.06201920231798
iFIND00144_IM_0062,30.517919130812,2.23606797749979
iFIND00148_IM_0001,26.58677733119318,5.408326910440758
iFIND68_IM_0072,12.33378853420367,4.5
iFIND95_IM_0001,33.73549719801123,8.845903006477066
ifind100-8,20.007555520062517,6.819090848492928
START CHECKPOINT,/vol/project/2019/545/g1954503/oen19/LandmarkDetection/FetalUS/001/output/FetalUS001/model-375000
ifind110-41,33.761757251688806,4.301162633521313
ifind113-46,43.358643724738876,3.2015620023579054
ifind122-113,39.11943789073332,1.802775604669287
ifind129-160,48.15413492474416,4.769696007084728
ifind52-98,36.927509985517666,3.082206982146188
ifind62-72,36.373902598528524,2.5495097567963922
ifind65-61,30.670034311173183,4.527692569068709
ifind70-23,23.145435321952988,8.0156097709407
ifind78-106,29.34043235431145,3.605551209338574
ifind81-1,37.3394460460083,3.0413812651491097
ifind84-1,-2.491489107016065,10.51189802081432
ifind87-40,22.16384825813999,8.200609471768894
ifind92-55,17.77915327578439,4.716990566028302
iFIND114_IM_0001,48.06215384968561,4.153311874054591
iFIND00135_IM_0169,25.763261020668878,2.692582403567252
iFIND139_IM_0080,33.40097002194118,4.153311931459037
iFIND00144_IM_0062,42.697394463578206,2.692582403567252
iFIND00148_IM_0001,13.611468770269209,6.499999979367623
iFIND68_IM_0072,10.969128861146174,4.123105625617661
iFIND95_IM_0001,11.565358187152516,6.557438524302
ifind100-8,35.69907574857474,6.5383484153110105
START CHECKPOINT,/vol/project/2019/545/g1954503/oen19/LandmarkDetection/FetalUS/001/output/FetalUS001/model-675000
ifind110-41,34.510454359584706,3.5355339059327378
ifind113-46,19.69631047306317,7.0887231850255725
ifind122-113,33.1308139369458,1.118033988749895
ifind129-160,25.358898943540673,4.0
ifind52-98,38.47069591889131,3.53553369941318
ifind62-72,21.3803260167226,2.5495097567963922
ifind65-61,37.5382290120684,2.5495097567963922
ifind70-23,47.29792175983066,8.860022573334675
ifind78-106,31.04030236344685,6.819090479192051
ifind81-1,13.327448214774723,2.7386127875258306
ifind84-1,44.34505296243,12.062338081814818
ifind87-40,33.33456529768078,3.840572870054372
ifind92-55,28.1237509994925,2.692582403567252
iFIND114_IM_0001,23.605867688518934,5.5226804411392445
iFIND00135_IM_0169,49.296279800889465,8.276472678623424
iFIND139_IM_0080,52.98030339262141,4.301162633521313
iFIND00144_IM_0062,21.12148295103144,2.29128784747792
iFIND00148_IM_0001,48.32636418804711,11.629703349613008
iFIND68_IM_0072,34.577007726963494,5.5
iFIND95_IM_0001,31.453628054267334,10.136567466356647
ifind100-8,34.952646931949204,11.236102527122116
START CHECKPOINT,/vol/project/2019/545/g1954503/oen19/LandmarkDetection/FetalUS/001/output/FetalUS001/model-250000
ifind110-41,54.24677295069742,3.605551275463989
ifind113-46,44.167191907377315,7.245688124251491
ifind122-113,54.33166002019256,2.0615526971588323
ifind129-160,15.215516981746683,4.387482193696061
ifind52-98,44.82491304166772,3.4999998467309146
ifind62-72,54.32386697968672,3.840572873934304
ifind65-61,36.95227792059147,4.55521678957215
ifind70-23,30.710320708263225,9.246621004453464
ifind78-106,32.136623440375644,1.1180339754218913
ifind81-1,33.41821040343837,5.612486080160912
ifind84-1,17.2477293317786,11.113055385446435
ifind87-40,28.312803462883366,6.873863403694565
ifind92-55,37.91534804002871,3.3166247903554
iFIND114_IM_0001,43.142522715598204,4.499999947018095
iFIND00135_IM_0169,17.327677775298376,8.077747210701755
iFIND139_IM_0080,28.011459037343037,1.6583123951777
iFIND00144_IM_0062,30.39561703770948,1.118033988749895
iFIND00148_IM_0001,53.28506087866719,11.672617529928752
iFIND68_IM_0072,23.594021795693646,4.847679857416329
iFIND95_IM_0001,40.58614182170811,8.616843969807043
ifind100-8,26.468068807359067,7.44983221287567
START CHECKPOINT,/vol/project/2019/545/g1954503/oen19/LandmarkDetection/FetalUS/001/output/FetalUS001/model-500000
ifind110-41,11.09463875051787,4.153311931459037
ifind113-46,29.23012782730028,6.873863325653765
ifind122-113,25.87329347800764,0.7071067811865476
ifind129-160,32.86527703062881,4.743416490252569
ifind52-98,21.34759014277519,2.7386126514974625
ifind62-72,8.473012047670693,3.2015621187164243
ifind65-61,15.848076824970764,3.0
ifind70-23,18.677743710464437,11.445523142259598
ifind78-106,23.652753851109384,8.046738053054645
ifind81-1,48.41256463221387,5.431390245600108
ifind84-1,34.759037025484844,12.439855304624729
ifind87-40,14.147632320016553,5.315072768992561
ifind92-55,31.575376714162694,2.5495097567963922
iFIND114_IM_0001,25.798244785522925,3.937003800749553
iFIND00135_IM_0169,51.67157547880816,1.5
iFIND139_IM_0080,42.452284294579684,3.640054944640259
iFIND00144_IM_0062,18.094391252228007,2.958039891549808
iFIND00148_IM_0001,62.759648913366746,3.3911649871685214
iFIND68_IM_0072,-5.856402981655507,14.044571905188139
iFIND95_IM_0001,19.39767392717463,9.924716620639604
ifind100-8,28.52475592273325,9.027735042633894
START CHECKPOINT,/vol/project/2019/545/g1954503/oen19/LandmarkDetection/FetalUS/001/output/FetalUS001/model-1025000
ifind110-41,21.60574603652666,3.5355339059327378
ifind113-46,18.97110201449432,12.776932339180638
ifind122-113,22.29022306326284,5.894912856524001
ifind129-160,26.832804534184454,3.640054944640259
ifind52-98,11.078538699911109,1.8708286217019203
ifind62-72,41.992523553534944,2.179449471770337
ifind65-61,27.573183520213263,1.5
ifind70-23,14.782490394525823,11.434596626029272
ifind78-106,16.857376870073036,6.10327780542535
ifind81-1,36.52263477120838,3.6742346141747673
ifind84-1,70.6759821734397,10.173494974687902
ifind87-40,40.87108895304755,1.8708286615269485
ifind92-55,42.460289959935324,12.359207094308275
iFIND114_IM_0001,10.306437457189865,2.549509663280933
iFIND00135_IM_0169,27.230572491938812,4.272001872658765
iFIND139_IM_0080,23.70868334705977,3.3541019662496847
iFIND00144_IM_0062,39.12890533885711,2.345207879911715
iFIND00148_IM_0001,33.70546284117677,9.539392007921192
iFIND68_IM_0072,37.48552860726657,6.06217782649107
iFIND95_IM_0001,35.27970501236183,11.6081867662439
ifind100-8,42.18358904999421,10.988630487917955
START CHECKPOINT,/vol/project/2019/545/g1954503/oen19/LandmarkDetection/FetalUS/001/output/FetalUS001/model-950000
ifind110-41,50.655708290093905,3.3541019662496847
ifind113-46,6.4352415563632634,11.412712210513327
ifind122-113,26.33315478812193,1.4999999602635707
ifind129-160,42.931555537223886,2.598076211353316
ifind52-98,32.310474037399565,2.0615528128088303
ifind62-72,6.619826801505918,2.8722813232690143
ifind65-61,32.633370245414554,4.769696007084728
ifind70-23,50.0996850825808,9.394147114027968
ifind78-106,41.57538401655967,5.5901699437494745
ifind81-1,23.026151451800303,5.722761571129799
ifind84-1,23.31577576143165,10.805091392487155
ifind87-40,14.521740147992318,7.4498319708513625
ifind92-55,32.320908702508156,8.616843969807043
iFIND114_IM_0001,29.42690278391263,4.062019143623385
iFIND00135_IM_0169,18.234587909587095,3.24037034920393
iFIND139_IM_0080,40.464227567602094,1.8708286933869707
iFIND00144_IM_0062,44.73147807989481,1.8708286933869707
iFIND00148_IM_0001,57.090850556670446,4.609772215716381
iFIND68_IM_0072,27.845421137248874,4.183300132670378
iFIND95_IM_0001,24.325626113661855,11.76860229593982
ifind100-8,35.92976279217126,7.22841614740048
START CHECKPOINT,/vol/project/2019/545/g1954503/oen19/LandmarkDetection/FetalUS/001/output/FetalUS001/model-125000
ifind110-41,60.09038608286609,3.24037034920393
ifind113-46,11.4191332684692,6.5764731374131244
ifind122-113,24.837025498434887,3.3911648333745776
ifind129-160,26.812722983430575,4.743416490252569
ifind52-98,20.726231616618925,1.6583123143060556
ifind62-72,28.901458597956086,1.8027756377319946
ifind65-61,32.67939639355708,3.082207001484488
ifind70-23,15.793358985945071,6.59545297913646
ifind78-106,33.08294290843365,4.0311288704527515
ifind81-1,8.462111446076477,5.244044240850758
ifind84-1,40.20374197085676,10.452272480183437
ifind87-40,24.928996016281868,4.062019198649568
ifind92-55,36.32071676830983,1.6583123951777
iFIND114_IM_0001,23.67973277665716,1.11803393543788
iFIND00135_IM_0169,26.965429269054226,4.6097722286464435
iFIND139_IM_0080,50.893309304216345,3.640054944640259
iFIND00144_IM_0062,26.382141532299357,1.5811388300841898
iFIND00148_IM_0001,24.56546179417208,9.974968665654579
iFIND68_IM_0072,36.07793227487907,6.708203932499369
iFIND95_IM_0001,11.457780402044705,10.111874208078342
ifind100-8,44.2690216191182,6.745368781616021
START CHECKPOINT,/vol/project/2019/545/g1954503/oen19/LandmarkDetection/FetalUS/001/output/FetalUS001/model-200000
ifind110-41,33.72507476529862,4.5
ifind113-46,16.747818404565567,7.762087071687982
ifind122-113,43.21924991934168,2.549509663280933
ifind129-160,48.80397152542629,2.8722813232690143
ifind52-98,35.31126945311951,1.658312386191962
ifind62-72,34.78337486421178,2.7386127875258306
ifind65-61,44.69935933031726,3.570714214271425
ifind70-23,45.810362886173564,8.916277250063503
ifind78-106,19.256582743378438,2.6925822652134443
ifind81-1,22.0531272535325,5.722761571129799
ifind84-1,35.158194889279095,11.554220008291344
ifind87-40,30.768045886266357,5.408326814007862
ifind92-55,22.933404816237953,2.0615528128088303
iFIND114_IM_0001,44.97151105758604,2.6925823814306433
iFIND00135_IM_0169,17.309755366228547,2.23606797749979
iFIND139_IM_0080,23.47778503272801,2.5495097567963922
iFIND00144_IM_0062,11.6810771796912,1.5811388300841898
iFIND00148_IM_0001,61.11259406276274,1.118033988749895
iFIND68_IM_0072,23.825581541803885,5.024937810560445
iFIND95_IM_0001,33.54757774562349,9.486832980505138
ifind100-8,27.583314330898567,6.442049363362563
START CHECKPOINT,/vol/project/2019/545/g1954503/oen19/LandmarkDetection/FetalUS/001/output/FetalUS001/model-625000
ifind110-41,19.28961998340074,6.041522986797286
ifind113-46,29.699344715738647,5.315072861510259
ifind122-113,40.779193053171,1.4999999602635707
ifind129-160,9.80927246262549,5.123475382979799
ifind52-98,38.073192911257834,8.514693070959835
ifind62-72,22.010578020680047,4.636809247747852
ifind65-61,35.214258425783356,4.716990566028302
ifind70-23,43.81837475691589,8.558621384311845
ifind78-106,29.103094157578205,2.4999999046325696
ifind81-1,15.925386513254042,4.153311931459037
ifind84-1,26.896090330656982,11.811011811017716
ifind87-40,44.456172516643264,2.499999850988388
ifind92-55,28.095934520787196,9.962429422585638
iFIND114_IM_0001,23.658819356238475,4.555216629281888
iFIND00135_IM_0169,24.353026478690023,8.276472678623424
iFIND139_IM_0080,17.801152762609373,3.774917217635375
iFIND00144_IM_0062,24.90673749747138,2.5
iFIND00148_IM_0001,32.78642458676349,4.743416490252569
iFIND68_IM_0072,31.339428141899177,4.743416490252569
iFIND95_IM_0001,41.92048258223797,9.013878188659973
ifind100-8,15.32684986975083,6.519202405202649
START CHECKPOINT,/vol/project/2019/545/g1954503/oen19/LandmarkDetection/FetalUS/001/output/FetalUS001/model-175000
ifind110-41,19.63751358825604,3.6742346141747673
ifind113-46,37.30279403309009,3.53553369941318
ifind122-113,30.18881024791147,2.4999999046325696
ifind129-160,18.60714842542336,3.9370039370059056
ifind52-98,26.7596186662455,2.4999999046325696
ifind62-72,37.767326755677125,3.1622776601683795
ifind65-61,43.20416391493511,4.153311931459037
ifind70-23,20.04265620380496,11.379806676741042
ifind78-106,12.167008106411123,3.5707140097865926
ifind81-1,38.5869458046989,5.477225575051661
ifind84-1,43.678109140837506,11.445523142259598
ifind87-40,40.37755809633629,2.9580398462122015
ifind92-55,32.56025934259725,3.9370039370059056
iFIND114_IM_0001,65.05324366568283,3.9051247425584195
iFIND00135_IM_0169,27.62930801375455,1.8708286933869707
iFIND139_IM_0080,45.74239852883198,5.916079783099616
iFIND00144_IM_0062,20.887974398947904,2.692582403567252
iFIND00148_IM_0001,30.673801617651456,5.315072881135225
iFIND68_IM_0072,16.959198868157234,4.301162633521313
iFIND95_IM_0001,51.894223949147516,8.381527307120106
ifind100-8,9.878752240675702,7.44983221287567
START CHECKPOINT,/vol/project/2019/545/g1954503/oen19/LandmarkDetection/FetalUS/001/output/FetalUS001/model-900000
ifind110-41,58.74540211963539,3.0413812651491097
ifind113-46,26.31915575257263,7.348469155349052
ifind122-113,48.37964688126983,1.224744822724601
ifind129-160,40.242214229419844,2.598076211353316
ifind52-98,19.64735447623626,2.915475901423146
ifind62-72,53.14170177915976,3.24037034920393
ifind65-61,29.7627082514858,4.636809247747852
ifind70-23,40.89046335534104,9.513148795220223
ifind78-106,45.12153202459534,3.4999998467309146
ifind81-1,33.39607935888869,3.5
ifind84-1,28.01361387366266,11.40175425099138
ifind87-40,30.23323426975531,2.958039765612011
ifind92-55,29.084880370608936,6.264982043070834
iFIND114_IM_0001,18.352704065668632,2.8722811935710544
iFIND00135_IM_0169,21.870693635800432,2.29128784747792
iFIND139_IM_0080,15.379309199594372,2.692582403567252
iFIND00144_IM_0062,20.22960195029755,3.082207001484488
iFIND00148_IM_0001,27.275495048635737,6.164413993299826
iFIND68_IM_0072,42.06624418502104,4.330127018922194
iFIND95_IM_0001,-5.323308010130566,8.440971508067067
ifind100-8,52.68996527639561,6.224949798994366
START CHECKPOINT,/vol/project/2019/545/g1954503/oen19/LandmarkDetection/FetalUS/001/output/FetalUS001/model-1075000
ifind110-41,65.02195767402273,5.049752469181039
ifind113-46,45.45862822681215,7.433034341583715
ifind122-113,32.8993833737955,2.23606787087576
ifind129-160,12.279693271648181,2.1213203435596424
ifind52-98,12.730429198316198,3.041381088768132
ifind62-72,25.480884688140492,2.692582403567252
ifind65-61,53.2254950091759,4.636809247747852
ifind70-23,46.29319478386916,7.648529270389178
ifind78-106,36.49369069166147,4.743416411716555
ifind81-1,30.999354881144782,4.06201920231798
ifind84-1,22.49369087465355,9.447221813845593
ifind87-40,47.765179443767146,9.874208392936067
ifind92-55,18.034170534990565,4.242640687119285
iFIND114_IM_0001,20.270701662149975,2.0615527838963312
iFIND00135_IM_0169,30.103510037826148,1.8027756377319946
iFIND139_IM_0080,52.65526942573073,3.905124837953327
iFIND00144_IM_0062,18.63743502325847,2.1213203435596424
iFIND00148_IM_0001,45.25990289442667,2.2912878409745203
iFIND68_IM_0072,41.63076315221336,10.319883720275147
iFIND95_IM_0001,28.87314746604714,8.645808232895291
ifind100-8,36.90609919349138,8.674675786448736
START CHECKPOINT,/vol/project/2019/545/g1954503/oen19/LandmarkDetection/FetalUS/001/output/FetalUS001/model-550000
ifind110-41,29.39670197788506,4.6097722286464435
ifind113-46,11.063860457539734,6.999999923365459
ifind122-113,38.90722522733633,1.4999999602635707
ifind129-160,15.555679592804484,6.041522986797286
ifind52-98,13.551429218163811,3.082206996649913
ifind62-72,54.6444083121798,2.7386127875258306
ifind65-61,47.53670020942873,4.527692569068709
ifind70-23,58.52909084314653,7.697402159170326
ifind78-106,16.124467896014654,4.415880348802712
ifind81-1,32.554363630758004,4.415880433163924
ifind84-1,63.16642031859145,11.280514172678478
ifind87-40,21.43925321457876,3.9051247425584195
ifind92-55,44.22148347861351,5.315072906367325
iFIND114_IM_0001,24.719777697269578,4.3588988204724854
iFIND00135_IM_0169,48.99696844697403,4.716990566028302
iFIND139_IM_0080,11.443765029954317,3.0413812651491097
iFIND00144_IM_0062,22.191244402816963,3.082207001484488
iFIND00148_IM_0001,68.06636692719282,3.9370039029418176
iFIND68_IM_0072,26.12613645756624,6.48074069840786
iFIND95_IM_0001,14.463330525697366,9.630680142129112
ifind100-8,14.241344408502025,9.447221813845593
START CHECKPOINT,/vol/project/2019/545/g1954503/oen19/LandmarkDetection/FetalUS/001/output/FetalUS001/model-50000
ifind110-41,34.2451333771852,4.242640687119285
ifind113-46,43.067441195274384,10.805090894636747
ifind122-113,64.5182598696625,5.244044215276899
ifind129-160,15.019447211546549,7.794228634059948
ifind52-98,46.64486632431909,3.2403702756263604
ifind62-72,25.527130870288627,5.220153254455275
ifind65-61,53.74816039079656,5.1478150704935
ifind70-23,9.34886517875275,8.52936105461599
ifind78-106,38.03954656773526,6.20483647717373
ifind81-1,37.105518068694266,6.363961030678928
ifind84-1,39.05337613527292,13.047988350699889
ifind87-40,61.47243365988778,2.0615526971588323
ifind92-55,35.56426519833338,7.035623639735144
iFIND114_IM_0001,41.41681674279908,6.982119968529756
iFIND00135_IM_0169,29.716185037097894,15.0
iFIND139_IM_0080,64.16526752576202,4.636809247747852
iFIND00144_IM_0062,31.290012114959268,4.301162633521313
iFIND00148_IM_0001,11.181004098650615,2.23606797749979
iFIND68_IM_0072,31.32596640824084,4.47213595499958
iFIND95_IM_0001,24.397115379130426,8.789197915623474
ifind100-8,51.787411131022054,6.103277807866851
FINISH DIRECTORY
